{"cameraMode":{"drawMode":0,"name":"Shaded","section":"Shading Mode"},"sceneLighting":true,"audioPlay":false,"sceneViewState":{"showFog":true,"showMaterialUpdate":false,"showSkybox":true,"showFlares":true,"showImageEffects":true,"showParticleSystems":true},"in2DMode":false,"pivot":{"x":0.6723772287368774,"y":-34.98646545410156,"z":1.4880685806274415},"rotation":{"x":0.015117205679416657,"y":-0.9677309393882752,"z":0.24484488368034364,"w":0.05981016159057617},"size":112.50118255615235,"orthographic":false}