{"cameraMode":{"drawMode":0,"name":"Shaded","section":"Shading Mode"},"sceneLighting":true,"audioPlay":false,"sceneViewState":{"showFog":true,"showMaterialUpdate":false,"showSkybox":true,"showFlares":true,"showImageEffects":true,"showParticleSystems":true},"in2DMode":false,"pivot":{"x":-2066.239990234375,"y":7.010000228881836,"z":-1981.5},"rotation":{"x":0.17101815342903138,"y":-0.7155272364616394,"z":0.18783952295780183,"w":0.6509669423103333},"size":25.254777908325197,"orthographic":false}